Model,Train Acc,Test Acc,Gap,Precision,Recall,F1,ROC-AUC,Time (s)
Hist Gradient Boosting,0.8892,0.8887,0.0005,0.5833,0.0092,0.0182,0.6817,8.0283
Gradient Boosting,0.8891,0.8884,0.0007,0.5,0.0075,0.0148,0.6794,48.8315
Decision Tree,0.8887,0.8885,0.0002,0.52,0.0057,0.0113,0.6681,2.7432
AdaBoost,0.8883,0.8884,-0.0001,0.5,0.0004,0.0009,0.662,25.2676
Random Forest,0.8884,0.8884,-0.0,0.0,0.0,0.0,0.6616,8.7971
LDA,0.8865,0.8869,-0.0004,0.4244,0.0383,0.0703,0.6465,3.7981
Linear SVM,0.8885,0.8884,0.0002,0.4839,0.0066,0.013,0.6464,4.2833
Logistic Regression,0.8882,0.8885,-0.0003,0.5085,0.0132,0.0258,0.6453,3.2563
Neural Network (MLP),0.8884,0.8885,-0.0001,0.5128,0.0088,0.0173,0.6448,5.5169
Extra Trees,0.8884,0.8884,-0.0,0.0,0.0,0.0,0.6384,13.0035
K-Nearest Neighbors,0.8888,0.8889,-0.0,0.6154,0.0106,0.0208,0.607,43.9564
Naive Bayes,0.1246,0.1245,0.0002,0.1125,0.9934,0.202,0.5039,2.3919
